title,description,type
UI/UX designer,"Щоразу, коли ти користуєшся сайтом або застосунком, ти бачиш їхню роботу. UI/UX дизайнери створюють дизайн інтерфейсів та роблять їх інтуїтивно зрозумілими. Вони також адаптують дизайни для різних пристроїв і проводять дослідження користувачів, щоб удосконалювати свої рішення. Вражає, чи не так?",Full-time
UI/UX designer,"Щоразу, коли ти користуєшся сайтом або застосунком, ти бачиш їхню роботу. UI/UX дизайнери створюють дизайн інтерфейсів та роблять їх інтуїтивно зрозумілими. Вони також адаптують дизайни для різних пристроїв і проводять дослідження користувачів, щоб удосконалювати свої рішення. Вражає, чи не так?",Flex
Data analyst,"Щоразу, коли ти користуєшся сайтом або застосунком, Data analyst збирає і аналізує дані для покращення твого досвіду. Вони створюють звіти, які допомагають бізнесам приймати обґрунтовані рішення. Вони також користуються різними інструментами та техніками для аналізу тенденцій. Вражає, чи не так?",Full-time
Data analyst,"Щоразу, коли ти користуєшся сайтом або застосунком, Data analyst збирає і аналізує дані для покращення твого досвіду. Вони створюють звіти, які допомагають бізнесам приймати обґрунтовані рішення. Вони також користуються різними інструментами та техніками для аналізу тенденцій. Вражає, чи не так?",Flex
QA engineer,"Щоразу, коли ти користуєшся сайтом або застосунком, ти бачиш результат їхньої роботи. QA-engineers тестують програмне забезпечення та покращують його швидкість, виявляючи і виправляючи помилки. Вони також складають детальні плани тестування та автоматизують цей процес. Вражає, чи не так?",Full-time
QA engineer,"Щоразу, коли ти користуєшся сайтом або застосунком, ти бачиш результат їхньої роботи. QA-engineers тестують програмне забезпечення та покращують його швидкість, виявляючи і виправляючи помилки. Вони також складають детальні плани тестування та автоматизують цей процес. Вражає, чи не так?",Flex
Python developer,"Щоразу, коли ти користуєшся сайтом або застосунком, ти бачиш результат їхньої роботи. Python developers пишуть і підтримують код, розробляють вебзастосунки, працюють з різними фреймворками та бібліотеками. Вони також займаються аналізом даних та машинним навчанням. Вражає, чи не так?",Full-time
Python developer,"Щоразу, коли ти користуєшся сайтом або застосунком, ти бачиш результат їхньої роботи. Python developers пишуть і підтримують код, розробляють вебзастосунки, працюють з різними фреймворками та бібліотеками. Вони також займаються аналізом даних та машинним навчанням. Вражає, чи не так?",Flex
Digital marketer ,"Щоразу, коли ти бачиш онлайн-рекламу або отримуєш цільовий email, ти стикаєшся з роботою Digital marketer. Вони створюють і управляють рекламними кампаніями, аналізують їхню ефективність та оптимізують контент для різних каналів. Вони також займаються SEO та розробкою стратегій у соціальних мережах. Вражає, чи не так?",Full-time
Digital marketer ,"Щоразу, коли ти бачиш онлайн-рекламу або отримуєш цільовий email, ти стикаєшся з роботою Digital marketer. Вони створюють і управляють рекламними кампаніями, аналізують їхню ефективність та оптимізують контент для різних каналів. Вони також займаються SEO та розробкою стратегій у соціальних мережах. Вражає, чи не так?",Flex
Front-end developer,"Щоразу, коли ти користуєшся сайтом або застосунком, ти бачиш результат їхньої роботи. Front-end developers розробляють візуальні елементи та інтерфейси, адаптують їх для різних пристроїв і додають анімацію. Вони також працюють з базами даних. Вражає, чи не так?",Full-time
Front-end developer,"Щоразу, коли ти користуєшся сайтом або застосунком, ти бачиш результат їхньої роботи. Front-end developers розробляють візуальні елементи та інтерфейси, адаптують їх для різних пристроїв і додають анімацію. Вони також працюють з базами даних. Вражає, чи не так?",Flex
Full-stack developer,"Щоразу, коли ти користуєшся сайтом або застосунком, ти бачиш результат їхньої роботи. Full-stack developers працюють як з фронтенд, так і з бекенд розробкою, створюють цілісні застосунки і забезпечують безперебійний досвід їхнього використання. Вони також управляють базами даних і серверною логікою. Вражає, чи не так?",Full-time
Full-stack developer,"Щоразу, коли ти користуєшся сайтом або застосунком, ти бачиш результат їхньої роботи. Full-stack developers працюють як з фронтенд, так і з бекенд розробкою, створюють цілісні застосунки і забезпечують безперебійний досвід їхнього використання. Вони також управляють базами даних і серверною логікою. Вражає, чи не так?",Flex
DevOps engineer,"Щоразу, коли ти користуєшся сайтом або застосунком, ти бачиш результат роботи DevOps engineer. Вони спрощують процеси розробки, автоматизують управління інфраструктурою, забезпечують безперервну інтеграцію, а також слідкують за продуктивністю системи. Окрім того, займаються налаштуванням хмарних сервісів та їх конфігураціями. Вражає, чи не так?",Full-time
DevOps engineer,"Щоразу, коли ти користуєшся сайтом або застосунком, ти бачиш результат роботи DevOps engineer. Вони спрощують процеси розробки, автоматизують управління інфраструктурою, забезпечують безперервну інтеграцію, а також слідкують за продуктивністю системи. Окрім того, займаються налаштуванням хмарних сервісів та їх конфігураціями. Вражає, чи не так?",Flex
Java developer,"Щоразу, коли ти користуєшся сайтом або застосунком, ти бачиш результат їхньої роботи. Java developers не лише пишуть і підтримують код, а й розробляють надійні застосунки, які відзначаються високою продуктивністю та масштабованістю. Вони також управляють базами даних і серверною логікою. Вражає, чи не так?",Full-time
Java developer,"Щоразу, коли ти користуєшся сайтом або застосунком, ти бачиш результат їхньої роботи. Java developers не лише пишуть і підтримують код, а й розробляють надійні застосунки, які відзначаються високою продуктивністю та масштабованістю. Вони також управляють базами даних і серверною логікою. Вражає, чи не так?",Flex
Recruiter,"Коли ти знаходиш нову роботу чи наймаєш співробітника — це результат роботи рекрутерів. Вони займаються пошуком кандидатів, підбирають кандидатів під конкретні ролі, а також допомагають з адаптацією нових працівників. Вражає, чи не так?",Full-time
Recruiter,"Коли ти знаходиш нову роботу чи наймаєш співробітника — це результат роботи рекрутерів. Вони займаються пошуком кандидатів, підбирають кандидатів під конкретні ролі, а також допомагають з адаптацією нових працівників. Вражає, чи не так?",Flex
